,Position,Company Name,YOE,CTC,location
0,Analyst- Data Science,Accenture,3-5 Yrs,Not disclosed,Bangalore/Bengaluru
1,Data Science/Data Analyst,Findoc Finvest Private Limited,4-7 Yrs,Not disclosed,Gurgaon/Gurugram
2,Senior Analyst-Data Science,Accenture,2-6 Yrs,Not disclosed,Bangalore/Bengaluru
3,Senior Analyst-Data Science,Accenture,5-8 Yrs,Not disclosed,Mumbai
4,Senior Analyst - Data Science,Tiger Analytics India LLP,1-6 Yrs,Not disclosed,Chennai(WFH during Covid)
5,Python Trainer & Data Science Trainer,CQS TRAINING PRIVATE LIMITED,0-4 Yrs,"2,50,000 - 3,00,000 PA.",New Delhi(B1 Block Janakpuri)
6,Expert Data Science,Novartis Healthcare,2-5 Yrs,Not disclosed,Hyderabad/Secunderabad
7,Analyst: Data Science Insights,TIGER ANALYTICS INDIA CONSULTING PRIVATE LIMITED,1-4 Yrs,Not disclosed,Chennai
8,Job Support - Data Science/Data Analyst,LAVSUN Technologies Inc.,5-10 Yrs,"50,000 - 60,000 PA.",Remote
9,Senior Analyst-Data Science,Accenture,5-8 Yrs,Not disclosed,Bangalore/Bengaluru
10,Technology Analyst: Data Science | Machine Learning,Infosys,3-8 Yrs,Not disclosed,Bangalore/Bengaluru
11,Senior  Data Scientist - Analytics Organization- Data Science,PlaceMinds Consulting Pvt. Ltd,6-11 Yrs,Not disclosed,"Mumbai, Pune, Bangalore/Bengaluru"
12,Senior Research Analyst / Asst Manager Data Science,TrizTeck Intellectual Property Solutions LLP,2-5 Yrs,"4,75,000 - 7,50,000 PA.",New Delhi(Greater Kailash)
13,Data science +  Python - NP Max 45 days,ERM Placement Services (P) Ltd.,3-5 Yrs,Not disclosed,"Kolkata, Hyderabad/Secunderabad, Chennai, Bangalore/Bengaluru, Delhi / NCR, Mumbai (All Areas)"
14,Technology Lead - Data Science / Machine Learning,Infosys,5-10 Yrs,Not disclosed,Bangalore/Bengaluru
15,Data Science Consultant,Dell,5-10 Yrs,Not disclosed,Bangalore/Bengaluru
16,Advisor Digital Analytics and Data Science,Dell,5-10 Yrs,Not disclosed,Bangalore/Bengaluru
17,Lead Business Analyst - Data Science | Talent500,TALENT500 TECH (INDIA) PRIVATE LIMITED,6-11 Yrs,Not disclosed,Remote
18,Data Science Senior,Larsen & Toubro (L&T),4-6 Yrs,Not disclosed,"Mysore/Mysuru, Chennai, Hyderabad"
19,Opening with Data Science,Pricewater House Coopers Service Delivery Center    Bangalore Private Limited,2-5 Yrs,Not disclosed,"Kolkata, Hyderabad/Secunderabad, Pune, Ahmedabad, Chennai, Bangalore/Bengaluru, Delhi / NCR, Mumbai (All Areas)"
0,Team Lead/Consultant-Data Science,Accenture,7-11 Yrs,Not disclosed,Bangalore/Bengaluru
1,Data Science Fresher | Geakminds | Chennai,Geakminds Technologies Private Limited,0-2 Yrs,Not disclosed,Chennai
2,Data Science Application Developer,Accenture,4-6 Yrs,Not disclosed,Bangalore/Bengaluru
3,Data Science Engineer,Texas Instruments,0-2 Yrs,Not disclosed,Bangalore/Bengaluru
4,Data Science - Intern,SMECLabs Trivandrum,1-3 Yrs,Not disclosed,Ernakulam
5,Specialist in VBA For Quantitative Analysis and Data Science,Gartner,1-3 Yrs,Not disclosed,Gurgaon/Gurugram
6,Senior Analyst-Data Science,Accenture,5-8 Yrs,Not disclosed,Bangalore/Bengaluru
7,Looking For Part Time Data Science Trainer (WFH) with LetsUpgrade,ITM Edutech (India) Limited,0-5 Yrs,Not disclosed,"Hyderabad/Secunderabad, Navi Mumbai, Gurgaon/Gurugram, Chennai, Bangalore/Bengaluru, Mumbai (All Areas)"
8,Data Science Lead,Larsen & Toubro (L&T),7-10 Yrs,Not disclosed,"Mysore/Mysuru, Chennai, Hyderabad"
9,Data Science Software Development Engineer,Accenture,4-6 Yrs,Not disclosed,Hyderabad/Secunderabad
10,"Chief Architect(.Net, Azure, Data Science, Machine Learning, Big Data)",Mapps IT Services Pvt Ltd.,10-20 Yrs,Not disclosed,Remote
11,Team Lead/Consultant-Data Science,Accenture,7-11 Yrs,Not disclosed,Mumbai
12,Team Lead/Consultant-Data Science,Accenture,7-11 Yrs,Not disclosed,Mumbai
13,Team Lead/Consultant-Data Science,Accenture,7-11 Yrs,Not disclosed,Mumbai
14,Python -Data science Trainers,Nexgen Solutions,3-8 Yrs,Not disclosed,Chennai(WFH during Covid)
15,Python / Data Analytics / Data Science Trainer @ TechVidya,TECHVIDYA CAREER PVT. LTD.,1-6 Yrs,"2,50,000 - 6,00,000 PA.",Noida(Sector-2 Noida)
16,Data Science Engineer - Machine/Deep Learning Models - R/Python/Scala,CarbyneTech India,4-8 Yrs,Not disclosed,Hyderabad/Secunderabad
17,Senior Director -  Data Science,Course5,10-15 Yrs,"25,00,000 - 40,00,000 PA.","Gurgaon/Gurugram, Bangalore/Bengaluru"
18,Senior Analyst - Data Science - IIT/NIT/IIM/XLRI/FMS,Huquo Consulting Pvt. Ltd,2-5 Yrs,Not disclosed,Gurgaon/Gurugram
19,Senior Analyst - Data Science - IIT/NIT/IIM/XLRI/FMS,Huquo Consulting Pvt. Ltd,2-5 Yrs,Not disclosed,Gurgaon/Gurugram
0,Urgent Opening-Principal Consultant- Data Science,Wipro,10-13 Yrs,Not disclosed,"Hyderabad/Secunderabad, Pune, Bangalore/Bengaluru"
1,"Advisor, Data Science",Dell,5-8 Yrs,Not disclosed,Bangalore/Bengaluru
2,Lead Consultant - Big Data Analyst,Genpact,4-9 Yrs,"50,000 - 1,50,000 PA.","Hyderabad/Secunderabad, Pune, Bangalore/Bengaluru"
3,Data Science,Capgemini,6-8 Yrs,Not disclosed,Bangalore/Bengaluru
4,Data Science,Capgemini,4-6 Yrs,Not disclosed,Bangalore/Bengaluru
5,Manager - Machine Learning Engineer ( Data Science ) ( Females only ),Pylon Management Consulting Pvt Ltd,7-9 Yrs,Not disclosed,Remote
6,India Market Unit - Data Science Analyst - (Career Level 11),Accenture,2-4 Yrs,Not disclosed,Bangalore/Bengaluru
7,Senior Analyst-Data Science,Accenture,5-8 Yrs,Not disclosed,Mumbai
8,data science,FUTURES AND CAREERS,5-10 Yrs,Not disclosed,Bangalore/Bengaluru
9,Data Science (OCR/Document Conversion) - Analyst / Senior Analyst,BLUCOGNITION PRIVATE LIMITED,1-4 Yrs,Not disclosed,Pune(WFH during Covid)
10,Data Science Manager- Artificial Intelligence,Spectral Consultants -Search and Recruitments Firm,9-14 Yrs,Not disclosed,"Pune, Gurgaon/Gurugram, Bangalore/Bengaluru"
11,Data science-subha- Brillio,CHANGE LEADERS CONSULTING,5-8 Yrs,Not disclosed,Bangalore/Bengaluru
12,Excellent opportunity For Data Science in Pune For a MNC,Peoplefy Infosolutions Pvt. Ltd.,0-4 Yrs,Not disclosed,Pune(Kharadi)
13,ACN - Applied Intelligence - Solutions.AI - Data Science - 11,Accenture,1-6 Yrs,Not disclosed,Bangalore/Bengaluru
14,ACN - Applied Intelligence - Solutions.AI - Data Science - 11,Accenture,1-6 Yrs,Not disclosed,Bangalore/Bengaluru
15,ACN - Applied Intelligence - CC - Data Science (IN) - 09,Accenture,0-5 Yrs,Not disclosed,Gurgaon/Gurugram
16,Hiring Freshers | Data Science Fresher,E-con systems India Pvt Ltd,0-0 Yrs,"4,25,000 - 6,00,000 PA.",Chennai
17,BUSINESS ANALYST -DATA SCIENCE-CONSUMER,BRIDGEi2i Analytics Solutions Private Limited,0-2 Yrs,Not disclosed,Bangalore/Bengaluru
18,Data Science Application Lead,Accenture,8-10 Yrs,Not disclosed,Hyderabad/Secunderabad
19,Senior Manager Data Science,Optum,15-25 Yrs,Not disclosed,Hyderabad/Secunderabad
0,Data Science - Associate Principal Consultant,Allstate,8-12 Yrs,Not disclosed,Bangalore/Bengaluru
1,Data Science Job @ Applied Materials - Bangalore,Applied Materials,4-9 Yrs,Not disclosed,Bangalore/Bengaluru(Whitefield)
2,Data Science Application Developer,Accenture,6-8 Yrs,Not disclosed,Bangalore/Bengaluru
3,Sr Associate (Data Science),IHS Markit,4-5 Yrs,Not disclosed,Gurgaon/Gurugram
4,Data Science and Advanced Analytics Lead,"Qualcomm Technologies, Inc",2-6 Yrs,Not disclosed,Hyderabad/Secunderabad
5,Brand Technical Specialist - Data Science & Data Governance,IBM,10-15 Yrs,Not disclosed,Mumbai
6,Data Science Analyst Fresh Graduates,TELEMAN INSTITUTE OF WIRELESS TECHNOLOGIES PVT LTD D.,0-3 Yrs,"5,00,000 - 5,50,000 PA.","Hyderabad/Secunderabad, Pune, Bangalore/Bengaluru"
7,Technical Lead - Data Science,Talent Acceleration Corridor,6-8 Yrs,Not disclosed,"Gurgaon/Gurugram, Delhi / NCR"
8,Data Science – Delivery Lead,PlaceMinds Consulting Pvt. Ltd,7-12 Yrs,Not disclosed,"Mumbai, Pune"
9,Expert Data Science,Novartis Healthcare,2-5 Yrs,Not disclosed,Hyderabad/Secunderabad
10,ACN - Applied Intelligence - CC - Data Science - 10,Accenture,3-4 Yrs,Not disclosed,Gurgaon/Gurugram
11,ACN - Applied Intelligence - CC - Data Science (IN) - 10,Accenture,3-4 Yrs,Not disclosed,Gurgaon/Gurugram
12,ACN - Applied Intelligence - CC - Data Science (IN) - 10,Accenture,3-4 Yrs,Not disclosed,Gurgaon/Gurugram
13,"Principal, Quantitative Analytics and Data Science",Gartner,2-7 Yrs,Not disclosed,Gurgaon/Gurugram
14,Data Science : Analyst - Manager,Aye Finance (P) Ltd,0-3 Yrs,Not disclosed,Gurgaon/Gurugram
15,Sr. Associate - Content Data Science,upGrad,1-5 Yrs,"7,00,000 - 15,00,000 PA.","Bangalore/Bengaluru, Mumbai (All Areas)"
16,Data Science Application Lead,Accenture,6-8 Yrs,Not disclosed,Bangalore/Bengaluru
17,Senior Data Science Engineer,Siemens,0-5 Yrs,Not disclosed,Bangalore/Bengaluru
18,Data Science Lead - Finance,Mad Street Den,2-6 Yrs,Not disclosed,Chennai
19,Manager Data Science,NEC CORPORATION INDIA PRIVATE LIMITED,8-13 Yrs,"9,00,000 - 19,00,000 PA.",Noida
0,Junior Data Science Professional,Harmony Data Integration Technologies,1-3 Yrs,Not disclosed,Chandigarh
1,Data Science Application Developer,Accenture,8-10 Yrs,Not disclosed,Chennai
2,Data Science Head / Director,MAAHI COGNITIVE WELLBEING LLP,14-20 Yrs,"45,00,000 - 50,00,000 PA.",Hyderabad/Secunderabad(WFH during Covid)
3,Director Data Science,Optum,15-18 Yrs,Not disclosed,Noida
4,AI-ML Lead,Technossus Software Services  Pvt. Ltd,9-14 Yrs,"15,00,000 - 27,50,000 PA.","Mohali/SAS Nagar, Chandigarh, Pune(WFH during Covid)"
5,Merilytics - Manager - Data Science - IIT/BITS/NIT,Meritus Intelytics Private Limited,2-5 Yrs,Not disclosed,Hyderabad/Secunderabad(Kondapur +1)
6,ACN - Applied Intelligence - GCP - Data Science - 07,Accenture,8-10 Yrs,Not disclosed,Gurgaon/Gurugram
7,Data Analyst - Data Science (hiring in top MNC),Krazy Mantra HR Solutions Pvt. Ltd,5-9 Yrs,Not disclosed,Bangalore/Bengaluru
8,Associate/Sr. Associate Manager Safety Data Sciences,Eli Lilly and Company,3-7 Yrs,Not disclosed,Bangalore/Bengaluru
9,Opportunity Discussion -Senior Analyst Data Sciences,MAUVETIX SOLUTIONS PRIVATE LIMITED,3-6 Yrs,"7,00,000 - 9,50,000 PA.",Hyderabad/Secunderabad
10,Data Science - Contract To Hire,Successr HR Tech PVT LTD,4-8 Yrs,Not disclosed,Bangalore/Bengaluru(WFH during Covid)
11,Data Science Digital Data Engineering Practitioner,Accenture,15-18 Yrs,Not disclosed,Bangalore/Bengaluru
12,Looking For Data science Engineer For Hyderabad Location,MOURI Tech,5-10 Yrs,"10,00,000 - 20,00,000 PA.","Hyderabad/Secunderabad, Bangalore/Bengaluru(WFH during Covid)"
13,Data Science Analyst - Technical,Accenture,3-5 Yrs,Not disclosed,Bangalore/Bengaluru
14,Data Science,CHANGE LEADERS CONSULTING,5-9 Yrs,Not disclosed,Bangalore/Bengaluru
15,Data Science,CHANGE LEADERS CONSULTING,5-9 Yrs,Not disclosed,"Hyderabad/Secunderabad, Pune, Chennai, Bangalore/Bengaluru"
16,Deputy Manager Data Science,FUTURES AND CAREERS,8-12 Yrs,"15,00,000 - 25,00,000 PA.",Bangalore/Bengaluru
17,Data Science Manager,Dreamz Consultants,11-16 Yrs,Not disclosed,"Noida, Pune, Bangalore/Bengaluru"
18,Consultant- Data Science,CHANGE LEADERS CONSULTING,4-6 Yrs,Not disclosed,"Hyderabad/Secunderabad, Bangalore/Bengaluru"
19,Data Science,VEGA Intellisoft Private Limited,4-8 Yrs,Not disclosed,"Hyderabad/Secunderabad, Chennai, Bangalore/Bengaluru"
0,ACN - Applied Intelligence - Solutions.AI - Data Science - 09,Accenture,2-5 Yrs,Not disclosed,Bangalore/Bengaluru
1,Machine Learning Data Science Practitioner,Accenture,15-18 Yrs,Not disclosed,Bangalore/Bengaluru
2,Machine Learning Data Science Practitioner,Accenture,12-15 Yrs,Not disclosed,Bangalore/Bengaluru
3,ACN - Applied Intelligence - Solutions.AI - Data Science - 11,Accenture,2-5 Yrs,Not disclosed,Bangalore/Bengaluru
4,Lead Data Science @ MagicBricks (Times Group),MagicBricks,10-20 Yrs,Not disclosed,Bangalore/Bengaluru
5,ACN - Applied Intelligence - GCP - Data Science - 08,Accenture,3-6 Yrs,Not disclosed,Bangalore/Bengaluru
6,ACN - Applied Intelligence - GCP - Data Science - 09,Accenture,2-6 Yrs,Not disclosed,Bangalore/Bengaluru
7,Head of Data Science,Mancer Consulting Services,20-25 Yrs,1 Cr and above PA.,"Bangalore/Bengaluru, Delhi / NCR"
8,ACN - Applied Intelligence - Solutions.AI - Data Science - 09,Accenture,4-9 Yrs,Not disclosed,Bangalore/Bengaluru
9,ACN - Applied Intelligence - Solutions.AI - Data Science - 09,Accenture,4-9 Yrs,Not disclosed,Bangalore/Bengaluru
10,ACN - Applied Intelligence - Solutions.AI - Data Science - 09,Accenture,4-9 Yrs,Not disclosed,Bangalore/Bengaluru
11,Team Lead/Consultant-Data Science,Accenture,7-11 Yrs,Not disclosed,Bangalore/Bengaluru
12,India Market Unit - Data Science Consultant - 09,Accenture,3-6 Yrs,Not disclosed,"Bangalore/Bengaluru, Bengaluru/Bangalore"
13,Team Lead/Consultant-Data Science,Accenture,7-11 Yrs,Not disclosed,Bangalore/Bengaluru
14,Natural Language Processing (NLP) Data Science Practitioner,Accenture,12-15 Yrs,Not disclosed,Bangalore/Bengaluru
15,"Manager, Data Science",CommVault Systems (India) Private Limited,5-10 Yrs,Not disclosed,Bangalore/Bengaluru
16,ACN - Applied Intelligence - Solutions.AI - Data Science - 07,Accenture,10-20 Yrs,Not disclosed,Bangalore/Bengaluru
17,ACN - Applied Intelligence - Solutions.AI - Data Science - 11,Accenture,2-5 Yrs,Not disclosed,Bangalore/Bengaluru
18,Team Lead/Consultant-Data Science,Accenture,7-11 Yrs,Not disclosed,Bangalore/Bengaluru
19,Hiring For Part Time Professors- Data Science and Business Analytics,AGAMLINC Edu Systems Pvt. Ltd.,5-10 Yrs,"4,00,000 - 6,00,000 PA.",Remote
0,"Manager, Data Science (Delivery)",Zebra Technologies India Pvt Ltd,6-8 Yrs,Not disclosed,Bangalore/Bengaluru
1,Data Science,NNE Private Ltd,3-8 Yrs,Not disclosed,Bangalore/Bengaluru
2,Data Science Team - Research And Development Intern,Fractal Analytics,0-2 Yrs,Not disclosed,"Mumbai, Gurgaon/Gurugram, Bangalore/Bengaluru"
3,"Senior Specialist, Quantitative Analytics and Data Sciences",Gartner,2-5 Yrs,Not disclosed,Gurgaon/Gurugram
4,"Senior Manager - Data Science,Pan India",Smart Cube,10-12 Yrs,Not disclosed,remote
5,Data Science Application Lead,Accenture,6-8 Yrs,Not disclosed,Mumbai
6,Data Science Application Lead,Accenture,4-6 Yrs,Not disclosed,Chennai
7,Senior Manager -  Data Science,Oportun,12-18 Yrs,Not disclosed,Chennai
8,Data Science Application Lead,Accenture,6-8 Yrs,Not disclosed,Mumbai
9,"Senior Associate, Senior Data Manager, Clinical Data Sciences",Pfizer,5-8 Yrs,Not disclosed,Chennai
10,Sr. Analyst Advanced Analytics and Data Science,Kennametal,5-8 Yrs,Not disclosed,Bangalore/Bengaluru
11,Senior Data Science Analyst,Otis,1-3 Yrs,Not disclosed,Bangalore/Bengaluru
12,Senior Data Science Analyst,Otis,3-7 Yrs,Not disclosed,"Hyderabad, Ahmedabad, Bengaluru"
13,"Team Lead Safety Data Sciences, Global Patient Safety",Eli Lilly and Company,3-8 Yrs,Not disclosed,Bangalore/Bengaluru
14,Software Engineer - Data Science,NextTrial AI Software Pvt. Ltd.,0-2 Yrs,"80,000 - 2,00,000 PA.",Bangalore/Bengaluru(WFH during Covid)
15,Analyst - Data Science - Python/Machine Learning/Analytics,Huquo Consulting Pvt. Ltd,4-6 Yrs,Not disclosed,Gurgaon/Gurugram
16,Software Development Engineer III - Data Sciences,Flipkart,5-8 Yrs,Not disclosed,Bengaluru/Bangalore
17,Software Development Engineer II - Data Sciences,Flipkart,4-6 Yrs,Not disclosed,Bengaluru/Bangalore
18,Data Science Engineer,Bajaj Finserv,0-3 Yrs,Not disclosed,Pune
19,Data Science Engineer,Encora,2-5 Yrs,Not disclosed,Chennai
0,Data Science Software Development Engineer,Accenture,4-6 Yrs,Not disclosed,Hyderabad/Secunderabad
1,Data Science Quality Engineer (Tester),Accenture,6-8 Yrs,Not disclosed,Gurgaon/Gurugram
2,Data Science - Senior Data Scientist,Paytm,2-4 Yrs,Not disclosed,"Noida, Bangalore/Bengaluru"
3,Lead - Data Science - BFSI | Fintech Pioneer | GGN,Unnati,5-8 Yrs,"25,00,000 - 30,00,000 PA.","Noida, New Delhi, Gurgaon/Gurugram"
4,Head of Data Science,Connexions,7-10 Yrs,Not disclosed,Gurgaon/Gurugram
5,Hiring For Data Science Lead with a Media and Entertainment company,SKILLVENTORY,3-8 Yrs,Not disclosed,Mumbai
6,Data Science SME - (UK Shift/ Remote/ WFH),Enhance IT,10-20 Yrs,Not disclosed,Remote
7,Data Science Specialist - Freelancer,ALLIANTGROUP INDIA TALENT PRIVATE LIMITED,1-6 Yrs,"5,00,000 - 11,00,000 PA.",Hyderabad/Secunderabad(Madhapur)(WFH during Covid)
8,ACN - Applied Intelligence - Solutions.AI - Data Science - 09,Accenture,2-5 Yrs,Not disclosed,Chennai
9,Machine Learning Data Science Practitioner,Accenture,12-15 Yrs,Not disclosed,Pune
10,Openings For Data Science Professionals,E&Y,8-13 Yrs,Not disclosed,Pune
11,Team Lead - Data science,Inlogic Technologies Private Limited.,5-10 Yrs,Not disclosed,Chennai
12,ACN - Applied Intelligence - GCP - Data Science - 08,Accenture,5-10 Yrs,Not disclosed,Gurgaon/Gurugram
13,Program Manager (Data Science Programs),Testbook Edu Solutions,1-3 Yrs,Not disclosed,"Mumbai, Navi Mumbai"
14,Data Science Manager - FinTech,Snaphunt,4-8 Yrs,Not disclosed,Remote
15,India Market Unit - Data Science Consultant - 09,Accenture,2-5 Yrs,Not disclosed,Mumbai
16,ACN - Applied Intelligence - Solutions.AI - Data Science - 11,Accenture,2-5 Yrs,Not disclosed,Pune
17,ACN - Applied Intelligence - Solutions.AI - Data Science - 09,Accenture,4-9 Yrs,Not disclosed,Gurgaon/Gurugram
18,ACN - Applied Intelligence - Solutions.AI - Data Science - 07,Accenture,10-20 Yrs,Not disclosed,Pune
19,ACN - Applied Intelligence - CC - Data Science (IN) - 08,Accenture,2-7 Yrs,Not disclosed,Hyderabad/Secunderabad
0,Natural Language Processing (NLP) Data Science Practitioner,Accenture,12-15 Yrs,Not disclosed,Mumbai
1,Google Cloud Machine Learning Services Data Science Practitioner,Accenture,12-15 Yrs,Not disclosed,Pune
2,Natural Language Processing (NLP) Data Science Practitioner,Accenture,12-15 Yrs,Not disclosed,Chennai
3,Subject Matter Expert - Data Science,Skillenable Fintech Private Limited,1-5 Yrs,"2,50,000 - 5,50,000 PA.",Kolkata
4,ACN - Applied Intelligence - GCP - Data Science - 07,Accenture,8-10 Yrs,Not disclosed,Gurgaon/Gurugram
5,Team Lead/Consultant-Data Science,Accenture,7-11 Yrs,Not disclosed,Mumbai
6,"Asst/ Asso/ Professor CSE, ECE ,  IT( AI, ML, NLP, Data Science)","GOPAL NARAYAN SINGH UNIVERSITY,JAMUHAR, SASARAM",1-6 Yrs,Not disclosed,Sasaram
7,ACN - Applied Intelligence - GCP - Data Science - 09,Accenture,2-6 Yrs,Not disclosed,Gurgaon/Gurugram
8,"Consultant, Data Science and Analytics",TransUnion,4-8 Yrs,Not disclosed,Pune
9,Analyst - Data Science,Nuware  Systems Pvt Ltd,3-6 Yrs,Not disclosed,Bengaluru
10,DA&S - Data Science analyst,Accenture,1-4 Yrs,Not disclosed,Bengaluru/Bangalore
11,Lead Business Analyst - Data Science,TEKION,2-6 Yrs,Not disclosed,Bangalore/Bengaluru
12,Data Science Analyst,Perfect Day,5-7 Yrs,Not disclosed,Bangalore/Bengaluru
13,Analyst (Data Science),Bloom Consulting Services,3-8 Yrs,Not disclosed,Bengaluru
14,Unit Manager - Payments - Data Science/Senior Unit Manager,Bajaj Finserv,3-5 Yrs,Not disclosed,Pune
15,"TTEC  -  Senior Analyst ,  Data Science",TTEC,1-3 Yrs,Not disclosed,Hyderabad
16,"Senior Analyst, Business Intelligence & Data Science",Ciena,8-12 Yrs,Not disclosed,Gurgaon/Gurugram
17,Data Science - Analyst / Sr. Analyst,BLUCOGNITION PRIVATE LIMITED,3-5 Yrs,Not disclosed,Pune(WFH during Covid)
18,"Senior Analyst, Data Science & Analytics",TransUnion,5-8 Yrs,Not disclosed,Pune
19,Sr Analyst- Data Science and Analytics,TransUnion,5-8 Yrs,Not disclosed,Pune
0,Data Science Engineer - Tableau/Power BI,Yo HR Consultancy,2-5 Yrs,Not disclosed,Bangalore/Bengaluru
1,Data Science - Analyst ( Intern ),Merkle Inc.,1-2 Yrs,Not disclosed,Pune
2,Acon - Data Science ( Immediate joinees ),Pylon Management Consulting Pvt Ltd,1-4 Yrs,Not disclosed,"Pune, Gurgaon/Gurugram, Bangalore/Bengaluru(WFH during Covid)"
3,Con - Data Science ( ML Algorithms ),Pylon Management Consulting Pvt Ltd,4-7 Yrs,Not disclosed,"Pune, Gurgaon/Gurugram, Bangalore/Bengaluru(WFH during Covid)"
4,data science,FUTURES AND CAREERS,5-8 Yrs,Not disclosed,Bangalore/Bengaluru
5,Data Science,CHANGE LEADERS CONSULTING,2-5 Yrs,Not disclosed,"Hyderabad/Secunderabad, Bangalore/Bengaluru"
6,Data Science,Onward Technologies Limited,6-9 Yrs,"12,00,000 - 18,00,000 PA.",Bangalore/Bengaluru
7,Data Science,Inductive quotient analytics india Pvt. Ltd.,0-1 Yrs,"1,50,000 - 3,00,000 PA.",Hyderabad/Secunderabad
8,Senior Data Science & Analytics Platform Engineer,GSK India,2-7 Yrs,Not disclosed,Bangalore/Bengaluru
9,Job Opportunity with S&P Global Platts as a  Data Science Analyst,S&P Capital IQ,4-7 Yrs,"50,000 - 3,00,000 PA.",Hyderabad/Secunderabad
10,Data Science Analyst -Forecasting,Pattern,3-6 Yrs,Not disclosed,Pune
11,Analyst - Data Science,Merkle Inc.,1-6 Yrs,Not disclosed,Pune
12,Data Science NLP Analyst,Prodigal,1-4 Yrs,Not disclosed,Mumbai
13,Analyst Data Science and Analytics,TransUnion,4-7 Yrs,Not disclosed,Pune
14,Data Science Sr Advisor,Dell,12-18 Yrs,Not disclosed,Bangalore/Bengaluru
15,Senior Software Architect - Data Science,Philips India Limited,8-12 Yrs,Not disclosed,Bangalore/Bengaluru
16,Senior Analyst-Data Science,Accenture,5-8 Yrs,Not disclosed,Bangalore/Bengaluru
17,Senior Analyst-Data Science,Accenture,5-8 Yrs,Not disclosed,Bangalore/Bengaluru
18,Senior Analyst-Data Science,Accenture,5-8 Yrs,Not disclosed,Bangalore/Bengaluru
19,Senior Analyst-Data Science,Accenture,5-8 Yrs,Not disclosed,Bangalore/Bengaluru
0,Data Scientist II - Core Analytics & Science,Uber,2-5 Yrs,Not disclosed,Bangalore/Bengaluru
1,Data Science Manager,Accenture,4-7 Yrs,Not disclosed,Bangalore/Bengaluru
2,Data Science Internship,Numadic,0-1 Yrs,Not disclosed,goa
3,Lead Data Science Engineer - Python/Neural Networks,Huquo Consulting Pvt. Ltd,4-9 Yrs,Not disclosed,Gurgaon/Gurugram
4,Lead Data Science Engineer - NLP/Algorithm,Huquo Consulting Pvt. Ltd,2-7 Yrs,Not disclosed,Gurgaon/Gurugram
5,Equity Data Science,Equity Data Science,3-8 Yrs,Not disclosed,Mumbai
6,"MNC Hiring For "" Director- Data Science "" - Gurgaon",ESS CEE HR SOLUTIONS,7-12 Yrs,"16,00,000 - 25,00,000 PA.",Gurgaon/Gurugram
7,Lead / Team Lead - Data Science - R/ Python/ Hive/ Spark,Info Corporate Service,4-8 Yrs,Not disclosed,Mumbai
8,Associate Vice President - Data Science Team - Insurance,Huquo Consulting Pvt. Ltd,8-13 Yrs,Not disclosed,"Gurgaon/Gurugram, Delhi / NCR"
9,Hiring Head (data Science ) With a Leading Bank,SKILLVENTORY,15-25 Yrs,Not disclosed,Gurgaon/Gurugram
10,Manager - Data Science (Lifesciences),Spectral Consultants,4-6 Yrs,Not disclosed,"Pune, Gurgaon/Gurugram"
11,Lead - Data Science - Qliksense (4 - 6 years),CRESCENDO GLOBAL LEADERSHIP HIRING INDIA PRIVATE L IMITED,4-6 Yrs,Not disclosed,"Mumbai, Pune(WFH during Covid)"
12,Lead- Data Science,Think360.ai,5-8 Yrs,Not disclosed,Mumbai
13,Data Science Intern,Relinns,0-1 Yrs,Not disclosed,Mohali
14,Data Science Intern,newAmps consulting pvt. ltd.,0-1 Yrs,Not disclosed,Kolkata
15,Data Science - Intern,Mindworksglobal,0-0 Yrs,Not disclosed,Noida
16,Data Science Intern,newAmps consulting pvt. ltd.,0-3 Yrs,Not disclosed,Kolkata
17,Data Science Intern,Sankhkyiki Robotics,0-1 Yrs,Not disclosed,Mumbai
18,Content Strategist - Intern(Data Science),Testbook Edu Solutions,0-1 Yrs,Not disclosed,"Mumbai, Navi Mumbai"
19,Data Science / Machine Learning stream project intern,Vikatan,0-1 Yrs,Not disclosed,Chennai
0,Kantar - SQL+ Data Science +Power BI Consultant/Senior Consultant,TNS - Subsidary of Kantar Group,1-6 Yrs,Not disclosed,Bangalore/Bengaluru(WFH during Covid)
1,"Senior Data Scientist, Data Sciences",Vmware,5-10 Yrs,Not disclosed,Bangalore/Bengaluru
2,Software Developer - NLP /machine Learning/ Data Science,Cunesoft,3-5 Yrs,Not disclosed,Bangalore/Bengaluru
3,Director/ Senior Director - Data Science at Kantar,TNS - Subsidary of Kantar Group,5-10 Yrs,Not disclosed,Chennai(WFH during Covid)
4,Software Developer - NLP/ Machine Learning/ Data Science,Cunesoft,3-5 Yrs,Not disclosed,Bangalore/Bengaluru
5,Software Developer - NLP/Data Science/Machine Learning,Cunesoft India Private Limited (a Phlexglobal Company),3-8 Yrs,Not disclosed,Bangalore/Bengaluru
6,Senior Analyst - Data Science - IIT/NIT/IIM/XLRI/FMS,Huquo Consulting Pvt. Ltd,2-5 Yrs,Not disclosed,Gurgaon/Gurugram
7,Senior Analyst - Data Science - IIT/ NIT/ IIM/ XLRI/ FMS,Huquo Consulting Pvt. Ltd,2-5 Yrs,Not disclosed,Gurgaon/Gurugram
8,Principal Consultant / Consulting Partner - Data Science - AI,Wipro,10-18 Yrs,Not disclosed,"Pune, Bangalore/Bengaluru"
9,Data Science Engineer (MS Azure),Quality Engineering  Software Technologies Pvt. Ltd.,3-6 Yrs,Not disclosed,Bangalore/Bengaluru
10,Data Science Engineer,"Rakuten, Inc.",2-5 Yrs,Not disclosed,Bangalore/Bengaluru
11,Fresher - Data Science Engineer,Busigence Technologies,0-2 Yrs,Not disclosed,remote
12,Analyst-Data Science,Accenture,3-5 Yrs,Not disclosed,Bangalore/Bengaluru
13,Lead - IT Data Science Analyst,Momentive Performance Materials Inc.,4-8 Yrs,Not disclosed,Bangalore/Bengaluru
14,Business Analyst II- Data Sciences and Advanced Analytics,Vmware,3-6 Yrs,Not disclosed,Bangalore/Bengaluru
15,Senior Software Engineer - Data Science,Ignitee Digital Solutions Pvt Ltd,4-6 Yrs,Not disclosed,Noida
16,Senior Analyst-Data Science,Accenture,5-8 Yrs,Not disclosed,Mumbai
17,Senior Analyst-Data Science,Accenture,5-8 Yrs,Not disclosed,Mumbai
18,Senior Analyst-Data Science,Accenture,5-8 Yrs,Not disclosed,Mumbai
0,Senior Analyst ? Data Science and Artificial Intelligence,Samatrix Consulting Private Limited,6-11 Yrs,Not disclosed,Gurgaon
1,Data Science Manager,Poshmark,2-4 Yrs,Not disclosed,Pune
2,"Lead , Data Science",Near Pte. Ltd.,8-12 Yrs,Not disclosed,Bangalore/Bengaluru
3,Lead - Data Science - MNC Opportunity - Bangalore,McOxley,6-7 Yrs,"25,00,000 - 30,00,000 PA.",Bangalore/Bengaluru
4,SCM - DATA SCIENCE,BRIDGEi2i Analytics Solutions Private Limited,3-6 Yrs,Not disclosed,Bangalore/Bengaluru
5,Team Lead - Data Science,ShieldSquare _x001A_,6-11 Yrs,Not disclosed,Bangalore/Bengaluru
6,PROJECT MANAGER - DATA SCIENCE - CONSUMER,BRIDGEi2i Analytics Solutions Private Limited,5-10 Yrs,Not disclosed,Bangalore/Bengaluru
7,PHD/Graduate in Computer/Data Science,DCG Data-Core Systems (India) Pvt. Ltd.,0-0 Yrs,Not disclosed,Kolkata
8,Data Science Trainee,Harmony Data Integration Technologies,0-1 Yrs,Not disclosed,Mohali
9,Data Science,NEEMTREE INTERNET PVT LTD,2-5 Yrs,Not disclosed,Mumbai
10,Looking For Part Time Data Science Teacher Trainer with LetsUpgrade,ITM Edutech (India) Limited,0-5 Yrs,Not disclosed,"Navi Mumbai, Gurgaon/Gurugram, Mumbai (All Areas)"
11,Freelance Teaching Assistant - Data Science,Testbook Edu Solutions,0-3 Yrs,Not disclosed,"Mumbai, Navi Mumbai"
12,MANAGER - DATA SCIENCE - CONSUMER,BRIDGEi2i Analytics Solutions Private Limited,5-10 Yrs,Not disclosed,Bangalore/Bengaluru
13,Junior Data Science Team Member,Imurgence,0-2 Yrs,Not disclosed,Remote
14,Data Science Associate,WRS Info India Pvt. Ltd.,0-9 Yrs,Not disclosed,"Noida, Lucknow"
15,Manager - Data Science - Analytics,TATA CAPITAL LTD,0-2 Yrs,Not disclosed,Mumbai
16,Data Science Integration Engineer,MVG HR Solutions Pvt Ltd,4-9 Yrs,"15,00,000 - 25,00,000 PA.","Hyderabad/Secunderabad, Bangalore/Bengaluru, Delhi / NCR(WFH during Covid)"
17,Sr . PS Consultant - Data Science,Genesys India,6-11 Yrs,Not disclosed,Chennai
18,"Senior Software Engineer - Data Science, NLP/ML (Python)",Info Edge India,2-4 Yrs,Not disclosed,Noida
19,Senior Developer - Data Science/ BI,Radial HR Solutions,7-12 Yrs,"10,00,000 - 20,00,000 PA.","Noida, Bangalore/Bengaluru"
0,Data Science - Lead Data Scientist,Paytm,3-5 Yrs,Not disclosed,"Pune, Bangalore/Bengaluru"
1,Sr. Data Science Developer,Microsoft,8-12 Yrs,Not disclosed,Bangalore/Bengaluru
2,"Manager, Data Science 3",PayPal,8-12 Yrs,Not disclosed,Bangalore/Bengaluru
3,Data Science,Sitel,2-5 Yrs,Not disclosed,"Hyderabad/Secunderabad, Chennai, Bangalore/Bengaluru, Mumbai (All Areas)(WFH during Covid)"
4,Data Science Engineer - IIT/NIT/BITS,TalentStack,0-5 Yrs,Not disclosed,Bangalore/Bengaluru
5,Lead Data Science Analyst - Python/Spark,Huquo Consulting Pvt. Ltd,6-10 Yrs,Not disclosed,Gurgaon/Gurugram
6,Lead Data Science Analyst - Python/ Spark,Huquo Consulting Pvt. Ltd,6-10 Yrs,Not disclosed,Gurgaon/Gurugram
7,"MNC Hiring For "" AI/ ML Sr. consultant- Cloud +data science ""- Gurgaon",ESS CEE HR SOLUTIONS,10-17 Yrs,"20,00,000 - 35,00,000 PA.",Gurgaon/Gurugram
8,Consultant/ Sr. Consultant Data Science,Living Stones,5-10 Yrs,"18,00,000 - 25,00,000 PA.",Mumbai (All Areas)(Airoli)
9,Data Science - Senior Data Scientist,Paytm,2-4 Yrs,Not disclosed,New Delhi
10,Virtual Interviews For Data Science Developers On 22nd Jan @ GD-Hyd,GlobalData,3-8 Yrs,Not disclosed,Hyderabad/Secunderabad(Kondapur)(WFH during Covid)
11,Looking For Data Science Internship/Entry Level/Fresher -Bangalore.,PROMANTUS INDIA PRIVATE LIMITED,0-0 Yrs,Not disclosed,Bangalore/Bengaluru(Electronic City)
12,Manager - Data Science,General Mills,8-12 Yrs,Not disclosed,Mumbai
13,Eclerx is Hiring For Data science-Mumbai & Pune,eClerx,3-8 Yrs,"5,00,000 - 13,00,000 PA.","Mumbai Suburban, Navi Mumbai, Mumbai (All Areas)(WFH during Covid)"
14,Data Science Professional,IBM,5-10 Yrs,Not disclosed,Ahmedabad
15,Data Science Professional,IBM,5-7 Yrs,Not disclosed,Ahmedabad
16,Data Science Engineer,Siemens,0-5 Yrs,Not disclosed,Bangalore/Bengaluru
17,India Market Unit - Data Science Analyst - (Career Level 11),Accenture,2-4 Yrs,Not disclosed,New Delhi
18,Analyst-Data Science,Accenture,3-5 Yrs,Not disclosed,Mumbai
19,Analyst-Data Science,Accenture,3-5 Yrs,Not disclosed,Mumbai
0,"Python Developer, Django, Data Science, Machine Learning freshers only",Excel PTP - IT Training Provider Company India,0-5 Yrs,Not disclosed,Ahmedabad
1,Senior Engineer - Data sciences - Bangalore based Start up Company,ConsultTrinity Services Private Limited,4-9 Yrs,Not disclosed,Bangalore/Bengaluru
2,Sr. Data Science Engineer,Kyndryl,8-13 Yrs,Not disclosed,"Hyderabad/Secunderabad, Pune, Chennai, Bangalore/Bengaluru, Delhi / NCR"
3,"Senior Software Engineer , Data Science",jupiter,3-7 Yrs,Not disclosed,Bangalore/Bengaluru
4,Sr . Software Engineer ( Data Science ),Unravel,3-6 Yrs,Not disclosed,Bangalore/Bengaluru
5,Senior Engineer - RIQ Data Science,Reltio,3-7 Yrs,Not disclosed,Bangalore/Bengaluru
6,Data Science Tech Manager,Xoriant,5-10 Yrs,Not disclosed,Pune
7,Data Science Lead,Continuum Global,4-6 Yrs,Not disclosed,Gurgaon/Gurugram
8,Data Science Quality Assurance,NICE,3-8 Yrs,Not disclosed,Pune
9,"Manager, Business Intelligence & Data Science",iSOCRATES,5-10 Yrs,Not disclosed,Mysore/Mysuru
10,Jr Data Science Professional,Harmony Data Integration Technologies,1-3 Yrs,Not disclosed,Mohali
11,AI (Data Science) Architect,Quality Engineering  Software Technologies Pvt. Ltd.,10-15 Yrs,Not disclosed,Trivandrum/Thiruvananthapuram
12,Data Science Manager,Infosenseglobal,8-13 Yrs,Not disclosed,"Gandhinagar, Pune"
13,Data Science,Shifastar Technologies Pvt. Ltd.,10-12 Yrs,Not disclosed,Mumbai
14,Data Science Expert,3D PLM Software Solutions Ltd.,2-4 Yrs,Not disclosed,Pune
15,Data Science,Diverse Lynx,2-6 Yrs,Not disclosed,Gurgaon
16,"Data Science/AI/ML Engineer For Risor Infotech, Panchkula, Haryana",Talent  Corner HR Services Pvt Ltd,3-8 Yrs,"45,00,000 - 60,00,000 PA.","Chandigarh, Panchkula"
17,Data Science Engineer - Deep Learning/Neural Networks,Carbynetech India,3-7 Yrs,Not disclosed,Hyderabad/Secunderabad
18,Project Manager - Equity Data Science,Equity Data Science,3-8 Yrs,Not disclosed,Mumbai
19,Sr.Product Owner - Data Science & Analytics,Target,4-9 Yrs,Not disclosed,Bangalore/Bengaluru
0,Senior Presales Consultant - AI & Data Sciences,WILLSPIRED SOLUTIONS PRIVATE LIMITED,10-14 Yrs,Not disclosed,Bangalore/Bengaluru
1,Senior Manager - Data Science,Smart Cube,8-12 Yrs,Not disclosed,"Hyderabad/Secunderabad, Bangalore/Bengaluru, Delhi / NCR"
2,SENIOR ANALYTICS CONSULTANT - DATA SCIENCE - CONSUMER,BRIDGEi2i Analytics Solutions Private Limited,4-7 Yrs,Not disclosed,Bangalore/Bengaluru
3,Senior Business Executive - Data Science,dentsu international,1-3 Yrs,Not disclosed,Bangalore/Bengaluru
4,Data Science Application Lead,Accenture,6-8 Yrs,Not disclosed,Bangalore/Bengaluru
5,Data Science Application Lead,Accenture,6-8 Yrs,Not disclosed,Bangalore/Bengaluru
6,Senior Consultant - Data Science,SAS Institute,3-6 Yrs,Not disclosed,Bangalore/Bengaluru
7,Data science developer,Peopleplus Professional Services Pvt. Ltd.,5-7 Yrs,Not disclosed,Bangalore/Bengaluru
8,Senior Consultant - Data Science,SAS Research and  Developement (India) Pvt Ltd,3-6 Yrs,Not disclosed,Bangalore/Bengaluru
9,Data Science Application Lead,Accenture,8-10 Yrs,Not disclosed,Bangalore/Bengaluru
10,Senior Manager II Data Science- Search,Walmart,12-15 Yrs,Not disclosed,Bangalore/Bengaluru
11,Natural Language Processing (NLP) Data Science Practitioner (MNC),Krazy Mantra HR Solutions Pvt. Ltd,12-22 Yrs,"12,00,000 - 22,00,000 PA.",Mumbai
12,Lead- Data Science,Think360.ai,5-8 Yrs,Not disclosed,Mumbai
13,Digital Scientist - Data Science,ACIESIND PRIVATE LIMITED,2-7 Yrs,"6,00,000 - 15,00,000 PA.",Remote
14,Data Science Application Developer,Accenture,6-8 Yrs,Not disclosed,Pune
15,Data Science Specialist,Veersa Technologies,3-6 Yrs,Not disclosed,Noida
16,Data Science Instructor,DataIsGood,2-6 Yrs,Not disclosed,Remote
17,Technical Manager - Data Science,Veersa Technologies,12-18 Yrs,Not disclosed,Noida
18,Data Science Application Developer,Accenture,6-8 Yrs,Not disclosed,Chennai
19,Data Science Application Developer,Accenture,6-8 Yrs,Not disclosed,Mumbai
0,Data Science Intern,DataTrained,0-2 Yrs,Not disclosed,"Noida, Bengaluru"
1,Data Science professional - Contract To Hire,Successr HR Tech PVT LTD,4-9 Yrs,Not disclosed,Bangalore/Bengaluru(WFH during Covid)
2,Data Science,Recruise India Consulting Pvt. Ltd.,5-8 Yrs,Not disclosed,Bangalore/Bengaluru
3,Data Science Consultant - Java/SQL/Python,Altimax Business Solutions,4-9 Yrs,Not disclosed,"Mumbai, Hyderabad/Secunderabad, Pune, Bangalore/Bengaluru"
4,Machine Learning Engineer (Data Science),Walmart,3-6 Yrs,Not disclosed,Bangalore/Bengaluru
5,Data Engineer - Data Science Engineering,WAKEFIT INNOVATIONS PRIVATE LIMITED,2-5 Yrs,Not disclosed,Bangalore/Bengaluru
6,Principal Engineer - Data Science,Western Digital,5-8 Yrs,Not disclosed,Bangalore/Bengaluru
7,Data Science (ETO - Engineering),Global Talent Pool,3-5 Yrs,Not disclosed,"Mumbai, Bengaluru"
8,Lead Product Engineer - Data Science,AskSid Technology Solutions Pvt. Ltd,3-7 Yrs,Not disclosed,Bangalore/Bengaluru
9,Data Science Engineer,Bloom Consulting Services,2-5 Yrs,Not disclosed,Bengaluru
10,Tech Lead - Data Science Engineer,Myntra,2-5 Yrs,Not disclosed,Bangalore/Bengaluru
11,Data Science Engineer,Falcon Smart IT,4-10 Yrs,Not disclosed,Bangalore/Bengaluru
12,Data Science Engineer,AXA Business Services Pvt Ltd,3-5 Yrs,Not disclosed,Bengaluru
13,Data Science Engineer,Ness,5-7 Yrs,Not disclosed,Bangalore/Bengaluru
14,Data Science Quality Assessment Engineer,DAZN,3-6 Yrs,Not disclosed,Bengaluru
15,Team Lead Data Science Engineer,Sabre,7-12 Yrs,Not disclosed,Bangalore/Bengaluru
16,Looking For Data Science -- Manager / Senior Manager,Mount Talent Consulting Private Limited,9-12 Yrs,Not disclosed,"Noida, Kolkata, Hyderabad/Secunderabad, Pune, Chennai, Bangalore/Bengaluru, Delhi / NCR, Mumbai (All Areas)(WFH during Covid)"
17,Looking For Data Science -- Manager / Senior Manager,Mount Talent Consulting Private Limited,9-12 Yrs,Not disclosed,"Noida, Kolkata, Hyderabad/Secunderabad, Pune, Chennai, Bangalore/Bengaluru, Delhi / NCR, Mumbai (All Areas)(WFH during Covid)"
18,Senior Associate Director - Data Science- Insurance - IIT/IIM/NIT/XLRI,Huquo Consulting Pvt. Ltd,9-14 Yrs,Not disclosed,Gurgaon/Gurugram
19,Senior Associate Director - Data Science - Insurance - IIT/IIM,Huquo Consulting Pvt. Ltd,7-12 Yrs,Not disclosed,Gurgaon/Gurugram
0,Sr VP - Analytics - Data Science Team - Insurance -  IIT/IIM/XLRI/NIT,Huquo Consulting Pvt. Ltd,8-13 Yrs,Not disclosed,Gurgaon/Gurugram
1,Senior Software Engineer - Data Science Infrastructure,bluecore,2-6 Yrs,Not disclosed,Remote
2,Sr. Consultant – Data Engineering & Data Science,Acrotrend,6-8 Yrs,Not disclosed,Remote
3,Senior Software Engineer  -  Data Science and Machine Learning,VSH Solutions,2-5 Yrs,Not disclosed,Pune
4,Senior Engineer - AI (Data Science Focus),T2 Innovations,4-6 Yrs,Not disclosed,Chennai
5,Require Data Science Lead - Bengaluru/Kolkatta,Gaurik Consulting Company,8-12 Yrs,Not disclosed,"Kolkata, Bangalore/Bengaluru"
6,Machine Learning Data Science Practitioner (MNC),Krazy Mantra HR Solutions Pvt. Ltd,12-22 Yrs,"12,00,000 - 22,00,000 PA.",Bangalore/Bengaluru
7,Natural Language Processing (DATA Science Practitioner) (Bang/Che),Krazy Mantra HR Solutions Pvt. Ltd,12-18 Yrs,"18,00,000 - 20,00,000 PA.","Mumbai, Chennai, Bangalore/Bengaluru"
8,Machine Learning Data Science Practitioner (Opening in MNC)(Bengaluru),Krazy Mantra HR Solutions Pvt. Ltd,16-21 Yrs,"27,50,000 - 30,00,000 PA.",Bangalore/Bengaluru
9,Machine Learning Data Science Practitioner (Opening in MNC)(Bengaluru),Krazy Mantra HR Solutions Pvt. Ltd,12-17 Yrs,"20,00,000 - 22,50,000 PA.",Bangalore/Bengaluru
10,Data Science Manager,Poshmark,7-12 Yrs,Not disclosed,Chennai
11,Opening in Data Science Role,D-Cube Analytics Private Limited,2-7 Yrs,Not disclosed,"Chennai, Bangalore/Bengaluru"
12,Scientific Manager - Data Science,Perfect Day,5-12 Yrs,Not disclosed,Bangalore/Bengaluru
13,Data Science Manager,Twilio,10-15 Yrs,Not disclosed,Bangalore/Bengaluru
14,ACN - Applied Intelligence - GCP - Data Science - 07,Accenture,2-7 Yrs,Not disclosed,Bangalore/Bengaluru
15,ACN - Applied Intelligence - Solutions.AI - Data Science - 11,Accenture,2-7 Yrs,Not disclosed,Bangalore/Bengaluru
16,Data Science Practice Manager,Suyati Technologies Pvt Ltd,12-17 Yrs,Not disclosed,"Kochi, Bengaluru"
17,ACN - Applied Intelligence - Solutions.AI - Data Science - 11,Accenture,2-5 Yrs,Not disclosed,Bangalore/Bengaluru
18,Team Lead/Consultant-Data Science,Accenture,7-11 Yrs,Not disclosed,Bangalore/Bengaluru
19,Data Science,Gadgeon Smart Systems Pvt Limited,5-10 Yrs,Not disclosed,"Kochi/Cochin, Bangalore/Bengaluru"
0,Team Lead/ Consultant- Data Science,Accenture,7-11 Yrs,Not disclosed,Bangalore/Bengaluru
1,Data Science Leader,CRED,6-11 Yrs,Not disclosed,Bangalore/Bengaluru
2,Team Lead - Machine Learning & Data Science,HackerEarth,3-5 Yrs,Not disclosed,Bangalore/Bengaluru
3,ACN - Applied Intelligence - Solutions.AI - Data Science - 11,Accenture,2-5 Yrs,Not disclosed,Bangalore/Bengaluru
4,Team Lead/Consultant-Data Science,Accenture,7-11 Yrs,Not disclosed,Bangalore/Bengaluru
5,ACN - Applied Intelligence - Solutions.AI - Data Science - 09,Accenture,4-9 Yrs,Not disclosed,Bangalore/Bengaluru
6,ACN - Applied Intelligence - Solutions.AI - Data Science - 06,Accenture,12-14 Yrs,Not disclosed,Bangalore/Bengaluru
7,Vice President - Data Science,Paytm,18-23 Yrs,Not disclosed,"Noida, Bangalore/Bengaluru"
8,Data Science Consultant,Blue Yonder,5-10 Yrs,Not disclosed,Bangalore/Bengaluru
9,Delivery Data Science,Microsoft,5-10 Yrs,Not disclosed,Bangalore/Bengaluru
10,Manager - Data Science (Lifesciences),Spectral Consultants,10-15 Yrs,Not disclosed,"Pune, Gurgaon/Gurugram, Bangalore/Bengaluru"
11,Opening For Full time Data Science Faculty role,The Times Group,5-10 Yrs,Not disclosed,"Bangalore/Bengaluru, Delhi / NCR, Mumbai (All Areas)(WFH during Covid)"
12,Data Science Lead,Sony,3-6 Yrs,Not disclosed,Bangalore/Bengaluru
13,Data Science Lead,Sony Corporation of America,4-6 Yrs,Not disclosed,Bangalore/Bengaluru
14,Oportun is hiring For Data Science Manager-Remote,Oportun,8-12 Yrs,Not disclosed,"Hyderabad/Secunderabad, Chennai, Bangalore/Bengaluru"
15,Team Lead/Consultant-Data Science,Accenture,7-11 Yrs,Not disclosed,Bangalore/Bengaluru
16,Backend SDE II ( Data Science ),Sharechat,3-8 Yrs,Not disclosed,Bangalore/Bengaluru
17,Data Science Business and Integration Practitioner,Accenture,6-8 Yrs,Not disclosed,Bangalore/Bengaluru
18,"Recruitment Specialist,  IT & Data Science or Quantitative Analytics",Solytics Partners Private Limited,2-7 Yrs,Not disclosed,"Pune, Bangalore/Bengaluru"
0,Associate Data Science Consultant,AXA Business Services Pvt Ltd,3-5 Yrs,Not disclosed,Bengaluru
1,ACN - Applied Intelligence - GCP - Data Science - 07,Accenture,8-10 Yrs,Not disclosed,Bangalore/Bengaluru
2,Data Science Data Science Practitioner,Accenture,8-10 Yrs,Not disclosed,Bangalore/Bengaluru
3,Team Lead/Consultant-Data Science,Accenture,7-11 Yrs,Not disclosed,Bangalore/Bengaluru
4,ACN - Applied Intelligence - Solutions.AI - Data Science - 06,Accenture,2-5 Yrs,Not disclosed,Bangalore/Bengaluru
5,"Manager, Data Science",Epsilon,4-7 Yrs,Not disclosed,Bangalore/Bengaluru
6,MSSQL Data Science & R Analytics Programmer,Optidesk Solutions Private Limited,2-6 Yrs,Not disclosed,Bengaluru
7,Manager - Data Sciences,Walmart,5-9 Yrs,Not disclosed,Bangalore/Bengaluru
8,Team Lead/Consultant-Data Science,Accenture,7-11 Yrs,Not disclosed,Bangalore/Bengaluru
9,Asst Manager - Data Science,CitiusTech,2-6 Yrs,Not disclosed,"Mumbai, Pune, Bangalore/Bengaluru"
10,Data Science Trainer,NEEMTREE INTERNET PVT LTD,2-6 Yrs,Not disclosed,Gurgaon/Gurugram
11,Member Technical Staff(Data science),Vymo,3-5 Yrs,Not disclosed,Bangalore/Bengaluru
12,Data Science Consultant,Blue Yonder,2-5 Yrs,Not disclosed,Bangalore/Bengaluru
13,Principal Consultant - Data Science,D Cube Analytics,5-10 Yrs,Not disclosed,Bangalore/Bengaluru
14,Lead - Data Science,ACT Fibernet,4-7 Yrs,Not disclosed,Bangalore/Bengaluru
15,Data Science Lead,D Cube Analytics,10-12 Yrs,Not disclosed,Bengaluru
16,Data Science Trainer,Epsilon consultant,3-5 Yrs,Not disclosed,Bangalore/Bengaluru
17,Analytics & Data Science,KPRO Solutions,9-14 Yrs,Not disclosed,Bengaluru
18,Machine Learning and Data Science Specialist,Nokia,8-13 Yrs,Not disclosed,Bangalore/Bengaluru
19,Product Lead - Data Science,Paytm,2-8 Yrs,Not disclosed,Bangalore/Bengaluru
